"model","roc_auc","prc_auc"
"c50_base.model",0.818933711963028,0.24232331025258
"c50_base.smote",0.939789526434478,0.267268072376963
"c50model_smote_tuned",0.932682424343662,0.32499251157997
"kNN",0.927217350148946,0.178121078546797
"Random Forest",0.932841114730365,0.184625519883741
"Gradient Boosting",0.937349035329496,0.326478651938959
